{

    "dalAppSettingsPath": "../../../configs/appsettings.DAL.json",
    "testObjectTemplateConfigPath": "../../../configs/testObjectTemplateConfig.json",
    "baseCarConfigPath": "../../../dataStore/VBFs/baseCarConfig.vbf",
    "baseInstructionPath": "../../../dataStore/siigInstruction.json",
    "baseInstructionReportPath": "../../../dataStore/instructionResults.json",
    "testObjectOutputFilePath": "../../../output/test_object_config.json",
    "ecuListFilePath": "../../../configs/ECUList.json",
    "vehicleTypeCodesFilePath": "../../../configs/VehicleTypeCodes.json",
    "vehicleFirstReadoutFilePath": "../../../dataStore/vehicleFirstReadout.json",
    "confighubSettingsPath": "../../../configs/configHubSettings.json",
    "steeringCoMoExpressions": [
        "I3GO-SL4",
        "MOY8-O8M",
        "4COA-DFX",
        "4VTI-2GV"
    ],
    "forcedHardwarePartNumbers": [
        {
            "EcuName": "HPA",
            "EcuAddress": "0x1D12",
            "EcuHardwarePartNumber": "32375543",
            "EcuHardwarePartVersion": "AA"
        }
    ]

}